INSERT INTO `um_role_permission` (`role_id`, `permission_id`, `create_time`) VALUES (20, 2202, '2020-03-05 07:08:09');
UPDATE `om_adnetwork` SET `ios_adtype` = '15' WHERE `id` = '9';
UPDATE `om_adnetwork` SET `status` = '1', `android_adtype` = '0', `publisher_visible` = '1' WHERE `id` = '6';
INSERT INTO `om_adnetwork` VALUES (15, 'ironSource', 'IronSource', 0, 13, 0, NULL, 'IronSource', 1, 1, '2020-03-17 14:32:19', '2020-03-17 14:32:19');
INSERT INTO `om_support_device` (`brand`, `device`, `model`) VALUES ('Apple', 'iPhone', 'iPhone1,1'),('Apple', 'iPhone', 'iPhone1,2'),('Apple', 'iPhone', 'iPhone2,1'),('Apple', 'iPhone', 'iPhone3,1'),('Apple', 'iPhone', 'iPhone3,2'),('Apple', 'iPhone', 'iPhone3,3'),('Apple', 'iPhone', 'iPhone4,1'),('Apple', 'iPhone', 'iPhone5,1'),('Apple', 'iPhone', 'iPhone5,2'),('Apple', 'iPhone', 'iPhone5,3'),('Apple', 'iPhone', 'iPhone5,4'),('Apple', 'iPhone', 'iPhone6,1'),('Apple', 'iPhone', 'iPhone6,2'),('Apple', 'iPhone', 'iPhone7,2'),('Apple', 'iPhone', 'iPhone7,1'),('Apple', 'iPhone', 'iPhone8,1'),('Apple', 'iPhone', 'iPhone8,2'),('Apple', 'iPhone', 'iPhone8,4'),('Apple', 'iPhone', 'iPhone9,1'),('Apple', 'iPhone', 'iPhone9,3'),('Apple', 'iPhone', 'iPhone9,2'),('Apple', 'iPhone', 'iPhone9,4'),('Apple', 'iPhone', 'iPhone10,1'),('Apple', 'iPhone', 'iPhone10,4'),('Apple', 'iPhone', 'iPhone10,2'),('Apple', 'iPhone', 'iPhone10,5'),('Apple', 'iPhone', 'iPhone10,3'),('Apple', 'iPhone', 'iPhone10,6'),('Apple', 'iPhone', 'iPhone11,8'),('Apple', 'iPhone', 'iPhone11,2'),('Apple', 'iPhone', 'iPhone11,6'),('Apple', 'iPhone', 'iPhone11,4'),('Apple', 'iPhone', 'iPhone12,1'),('Apple', 'iPhone', 'iPhone12,3'),('Apple', 'iPhone', 'iPhone12,5'),('Apple', 'iPhone', 'iPhone12,8'),('Apple', 'iPad', 'iPad1,1'),('Apple', 'iPad', 'iPad2,1'),('Apple', 'iPad', 'iPad2,2'),('Apple', 'iPad', 'iPad2,3'),('Apple', 'iPad', 'iPad2,4'),('Apple', 'iPad', 'iPad3,1'),('Apple', 'iPad', 'iPad3,2'),('Apple', 'iPad', 'iPad3,3'),('Apple', 'iPad', 'iPad3,4'),('Apple', 'iPad', 'iPad3,5'),('Apple', 'iPad', 'iPad3,6'),('Apple', 'iPad', 'iPad6,11'),('Apple', 'iPad', 'iPad6,12'),('Apple', 'iPad', 'iPad7,5'),('Apple', 'iPad', 'iPad7,6'),('Apple', 'iPad', 'iPad7,11'),('Apple', 'iPad', 'iPad7,12'),('Apple', 'iPad', 'iPad4,1'),('Apple', 'iPad', 'iPad4,2'),('Apple', 'iPad', 'iPad4,3'),('Apple', 'iPad', 'iPad5,3'),('Apple', 'iPad', 'iPad5,4'),('Apple', 'iPad', 'iPad11,3'),('Apple', 'iPad', 'iPad11,4'),('Apple', 'iPad', 'iPad6,7'),('Apple', 'iPad', 'iPad6,8'),('Apple', 'iPad', 'iPad6,3'),('Apple', 'iPad', 'iPad6,4'),('Apple', 'iPad', 'iPad7,1'),('Apple', 'iPad', 'iPad7,2'),('Apple', 'iPad', 'iPad7,3'),('Apple', 'iPad', 'iPad7,4'),('Apple', 'iPad', 'iPad8,1'),('Apple', 'iPad', 'iPad8,2'),('Apple', 'iPad', 'iPad8,3'),('Apple', 'iPad', 'iPad8,4'),('Apple', 'iPad', 'iPad8,5'),('Apple', 'iPad', 'iPad8,6'),('Apple', 'iPad', 'iPad8,7'),('Apple', 'iPad', 'iPad8,8'),('Apple', 'iPad', 'iPad8,9'),('Apple', 'iPad', 'iPad8,10'),('Apple', 'iPad', 'iPad8,11'),('Apple', 'iPad', 'iPad8,12'),('Apple', 'iPad', 'iPad2,5'),('Apple', 'iPad', 'iPad2,6'),('Apple', 'iPad', 'iPad2,7'),('Apple', 'iPad', 'iPad4,4'),('Apple', 'iPad', 'iPad4,5'),('Apple', 'iPad', 'iPad4,6'),('Apple', 'iPad', 'iPad4,7'),('Apple', 'iPad', 'iPad4,8'),('Apple', 'iPad', 'iPad4,9'),('Apple', 'iPad', 'iPad5,1'),('Apple', 'iPad', 'iPad5,2'),('Apple', 'iPad', 'iPad11,1'),('Apple', 'iPad', 'iPad11,2');

CREATE TABLE `report_ironsource` (
  `id` int(11) unsigned NOT NULL AUTO_INCREMENT,
  `date` date NOT NULL DEFAULT '0000-00-00',
  `country_code` varchar(30) DEFAULT NULL COMMENT '国家',
  `app_key` varchar(100) DEFAULT NULL COMMENT 'App Key',
  `platform` varchar(10) DEFAULT NULL COMMENT 'iOS,Android',
  `ad_units` varchar(50) DEFAULT NULL COMMENT 'Interstitial,Rewarded Video,Banner',
  `instance_id` int(10) unsigned NOT NULL DEFAULT '0',
  `instance_name` varchar(50) DEFAULT NULL,
  `bundle_id` varchar(200) DEFAULT NULL,
  `app_name` varchar(200) DEFAULT NULL,
  `revenue` decimal(16,4) NOT NULL DEFAULT '0.0000' COMMENT '预计收入',
  `ecpm` decimal(16,4) NOT NULL DEFAULT '0.0000' COMMENT '预计千次展示费用',
  `impressions` int(10) unsigned NOT NULL DEFAULT '0' COMMENT '展示次数',
  `active_users` int(10) unsigned NOT NULL DEFAULT '0',
  `engaged_users` int(10) unsigned NOT NULL DEFAULT '0',
  `engagement_rate` decimal(5,2) unsigned NOT NULL DEFAULT '0.00',
  `impressions_per_engaged_user` decimal(16,4) unsigned NOT NULL DEFAULT '0.0000',
  `revenue_per_active_user` decimal(16,4) unsigned NOT NULL DEFAULT '0.0000',
  `revenue_per_engaged_user` decimal(16,4) unsigned NOT NULL DEFAULT '0.0000',
  `engaged_sessions` int(10) unsigned NOT NULL DEFAULT '0',
  `impression_per_engaged_sessions` decimal(16,4) unsigned NOT NULL DEFAULT '0.0000',
  `impressions_per_session` decimal(16,4) unsigned NOT NULL DEFAULT '0.0000',
  `sessions_per_active_user` decimal(16,4) unsigned NOT NULL DEFAULT '0.0000',
  `ad_source_checks` int(10) unsigned NOT NULL DEFAULT '0',
  `ad_source_responses` int(10) unsigned NOT NULL DEFAULT '0',
  `ad_source_availability_rate` decimal(5,2) unsigned NOT NULL DEFAULT '0.00',
  `clicks` int(10) unsigned NOT NULL DEFAULT '0',
  `click_through_rate` decimal(5,2) unsigned NOT NULL DEFAULT '0.00',
  `username` varchar(100) DEFAULT NULL,
  `create_time` timestamp NOT NULL DEFAULT CURRENT_TIMESTAMP,
  `lastmodify` timestamp NOT NULL DEFAULT CURRENT_TIMESTAMP,
  PRIMARY KEY (`id`,`date`),
  KEY `country_code` (`country_code`),
  KEY `date` (`date`)
) ENGINE=InnoDB DEFAULT CHARSET=utf8
/*!50100 PARTITION BY RANGE (to_days(`date`))
(PARTITION p202003 VALUES LESS THAN (737881) ENGINE = InnoDB,
 PARTITION p202004 VALUES LESS THAN (737911) ENGINE = InnoDB,
 PARTITION p202005 VALUES LESS THAN (737942) ENGINE = InnoDB,
 PARTITION p202006 VALUES LESS THAN (737972) ENGINE = InnoDB,
 PARTITION p202007 VALUES LESS THAN (738003) ENGINE = InnoDB,
 PARTITION p202008 VALUES LESS THAN (738034) ENGINE = InnoDB,
 PARTITION p202009 VALUES LESS THAN (738064) ENGINE = InnoDB,
 PARTITION p202010 VALUES LESS THAN (738095) ENGINE = InnoDB,
 PARTITION p202011 VALUES LESS THAN (738125) ENGINE = InnoDB,
 PARTITION p202012 VALUES LESS THAN (738156) ENGINE = InnoDB) */;

DELETE FROM `om_adnetwork` WHERE id<16;
INSERT INTO `om_adnetwork` (`id`, `name`, `class_name`, `type`, `ios_adtype`, `android_adtype`, `sdk_version`, `descn`, `status`, `publisher_visible`, `create_time`, `lastmodify`)
VALUES
	(1, X'616474', X'416454696D696E67', 15, 15, 15, X'342E32362E30', X'416454696D696E67', 1, 1, '2020-01-15 11:31:18', '2020-01-15 11:31:18'),
	(2, X'61646D6F62', X'41644D6F62', 15, 15, 15, X'31312E382E30', X'41644D6F62', 1, 1, '2020-01-15 11:31:18', '2020-01-15 11:31:18'),
	(3, X'66616365626F6F6B', X'46616365626F6F6B', 15, 15, 15, X'342E32362E30', X'46616365626F6F6B2041756469656E6365204E6574776F726B', 1, 1, '2020-01-15 11:31:18', '2020-01-15 11:31:18'),
	(4, X'756E697479616473', X'556E697479', 12, 13, 13, X'322E312E31', X'556E697479416473', 1, 1, '2020-01-15 11:31:18', '2020-04-24 14:52:07'),
	(5, X'76756E676C65', X'56756E676C65', 12, 13, 13, X'352E312E30', X'56756E676C65', 1, 1, '2020-01-15 11:31:18', '2020-04-24 14:52:11'),
	(6, X'74656E63656E746164', X'54656E63656E744164', 3, 15, 15, X'342E362E31', X'54656E63656E744164', 1, 1, '2020-01-15 11:31:18', '2020-04-24 14:46:34'),
	(7, X'6164636F6C6F6E79', X'4164436F6C6F6E79', 12, 12, 12, X'332E332E33', X'4164436F6C6F6E79', 1, 1, '2020-01-15 11:31:18', '2020-04-24 14:48:57'),
	(8, X'6170706C6F76696E', X'4170704C6F76696E', 12, 13, 13, X'382E302E30', X'4170704C6F76696E', 1, 1, '2020-01-15 11:31:18', '2020-04-24 14:52:12'),
	(9, X'6D6F707562', X'4D6F707562', 3, 15, 15, X'342E32302E30', X'4D6F507562', 1, 1, '2020-01-15 11:31:18', '2020-04-24 14:48:54'),
	(10, X'676F6F676C656164', X'476F6F676C654164', 2, 2, 2, NULL, X'476F6F676C65204164204D616E61676572', 0, 0, '2020-01-15 11:31:18', '2020-01-15 11:31:18'),
	(11, X'7461706A6F79', X'5461706A6F79', 12, 12, 12, X'31312E37', X'5461706A6F79', 1, 1, '2020-01-15 11:31:18', '2020-01-15 11:31:18'),
	(12, X'6368617274626F6F7374', X'4368617274626F6F7374', 12, 12, 12, X'372E332E31', X'4368617274626F6F7374', 1, 1, '2020-01-15 11:31:18', '2020-01-15 11:31:18'),
	(13, X'74696B746F6B', X'54696B546F6B', 12, 15, 15, X'', X'54696B746F6B', 1, 1, '2020-01-15 11:31:18', '2020-04-24 14:54:06'),
	(14, X'6D696E74656772616C', X'4D696E74656772616C', 14, 13, 12, X'', X'4D696E74656772616C', 1, 1, '2020-01-15 11:31:18', '2020-01-15 11:31:18'),
	(15, X'69726F6E536F75726365', X'49726F6E536F75726365', 0, 13, 13, NULL, X'49726F6E536F75726365', 1, 1, '2020-03-17 14:32:19', '2020-04-24 14:46:11');

ALTER TABLE `om_adnetwork` ADD `bid_endpoint` VARCHAR(200)  NULL  DEFAULT NULL  AFTER `publisher_visible`;
UPDATE `om_adnetwork` SET bid_endpoint='https://sdk.adtiming.com/a/bid/v1' where id=1;
UPDATE `om_adnetwork` SET bid_endpoint='https://an.facebook.com/${PLATFORM_ID}/placementbid.ortb' where id=3;

CREATE TABLE `om_server_node` (
  `id` int(10) unsigned NOT NULL AUTO_INCREMENT COMMENT 'ID',
  `nodeid` varchar(50) NOT NULL COMMENT 'nodeid uuid',
  `dcenter` tinyint(3) unsigned NOT NULL COMMENT 'om_server_dcenter.id',
  `ip` varchar(50) NOT NULL COMMENT 'First Init IP',
  `descn` varchar(200) DEFAULT NULL COMMENT 'Description',
  `create_time` timestamp NOT NULL DEFAULT CURRENT_TIMESTAMP,
  `lastmodify` timestamp NOT NULL DEFAULT CURRENT_TIMESTAMP ON UPDATE CURRENT_TIMESTAMP,
  PRIMARY KEY (`id`),
  UNIQUE KEY `nodeid` (`nodeid`)
) ENGINE=InnoDB AUTO_INCREMENT=8 DEFAULT CHARSET=utf8 COMMENT='om-server node';

-- 20200525
INSERT INTO `um_permission` (`id`, `pid`, `type`, `title`, `name`, `api_path`, `sort_index`, `sort_index_ext`, `descn`, `status`, `create_time`, `lastmodify`) VALUES (31, 11, 'perm', 'Company Settings', 'company', '/publisher/get\n/publisher/update\n/publisher/create', 0, 0, NULL, 1, '2020-04-21 17:47:18', '2020-04-22 11:36:17'),(32, 11, 'perm', 'App Settings', 'app_settings', '/publisher/get\n/publisher/update\n/publisher/create', 0, 0, NULL, 1, '2020-04-21 17:47:18', '2020-04-22 11:36:17'),(3100, 31, 'action', 'Query', 'query', '/publisher/payment_info/get\n/publisher/get\n/publisher/account/list\n/publisher/payment_info/list\n/publisher/account/select/list', 0, 0, NULL, 1, '2020-04-21 17:48:35', '2020-05-11 19:22:41'),(3101, 31, 'action', 'Add', 'add', '/publisher/create\n/publisher/account/create\n/publisher/payment_info/create\n/publisher/promote/create', 0, 0, NULL, 1, '2020-04-21 17:48:35', '2020-05-12 14:12:34'),(3102, 31, 'action', 'Edit', 'edit', '/publisher/update\n/publisher/account/update\n/publisher/account/delete\n/publisher/payment_info/update\n/report/google/refreshToken/save\n/report/callback/oauth2authorize\n/register/publisher/complete\n/publisher/verify/ads\n/publisher/promote/update\n/publisher/promote/get', 0, 0, NULL, 1, '2020-04-23 16:00:12', '2020-05-12 14:14:49'),(3200, 32, 'action', 'Query', 'query', '/publisher/list\n/publisher/select/list', 0, 0, NULL, 1, '2020-04-21 17:48:35', '2020-04-23 16:03:16'),(3201, 32, 'action', 'Add', 'add', '/publisher/create', 0, 0, NULL, 1, '2020-04-21 17:48:35', '2020-04-23 15:55:39'),(3202, 32, 'action', 'Edit', 'edit', '/publisher/get\n/publisher/update\n/adnetwork/app/status/update', 0, 0, NULL, 1, '2020-04-23 15:56:54', '2020-04-26 13:09:23');
INSERT INTO `um_role_permission` (`role_id`, `permission_id`, `create_time`) VALUES (1, 31, '2020-04-21 17:49:34'),(1, 32, '2020-04-21 17:49:34'),(1, 3100, '2020-04-21 17:49:34'),(1, 3101, '2020-04-21 17:49:34'),(1, 3102, '2020-04-21 17:49:34'),(1, 3200, '2020-04-21 17:49:34'),(20, 31, '2020-04-14 16:12:21'),(20, 32, '2020-04-21 17:49:34'),(20, 3100, '2020-04-21 04:51:29'),(20, 3101, '2020-04-21 04:51:29'),(20, 3102, '2020-04-23 03:39:37'),(20, 3200, '2020-04-21 17:49:34'),(20, 3201, '2020-05-12 16:43:22'),(20, 3202, '2020-05-12 16:43:22'),(30, 31, '2020-02-20 03:26:11'),(30, 32, '2020-04-21 17:49:34'),(30, 3100, '2020-04-21 04:51:34'),(30, 3101, '2020-04-27 01:45:27'),(30, 3102, '2020-04-27 01:45:27'),(30, 3200, '2020-04-21 17:49:34'),(30, 3201, '2020-04-23 03:38:47'),(30, 3202, '2020-04-23 03:38:47'),(40, 31, '2020-02-20 03:26:11'),(40, 32, '2020-02-20 03:26:11'),(40, 3100, '2020-04-26 04:59:47'),(40, 3101, '2020-04-26 04:59:47'),(40, 3102, '2020-04-26 04:59:47'),(40, 3200, '2020-04-26 04:59:48'),(40, 3201, '2020-04-27 01:58:24'),(40, 3202, '2020-04-27 01:58:25'),(50, 31, '2020-02-20 03:26:11'),(50, 32, '2020-02-20 03:26:11'),(50, 3100, '2020-04-26 04:59:55'),(50, 3200, '2020-04-26 04:59:55');
ALTER TABLE report_adnetwork_account ADD COLUMN `publisher_id` INT(11) NOT NULL AFTER `adn_id`;
ALTER TABLE report_adnetwork_account ADD COLUMN `adn_account_name` VARCHAR(200) NULL AFTER `adn_account_id`,CHANGE COLUMN `adn_account_id` `adn_account_id` INT(11) NULL DEFAULT '0' COMMENT 'AdNetworkId账号ID' ,CHANGE COLUMN `adn_account_owner` `adn_account_owner` TINYINT(3) NULL DEFAULT '0' COMMENT 'Account Owner: 0,Publisher;1,AdTiming;2,No Setting' ;
ALTER TABLE report_adnetwork_account ADD COLUMN `auth_type` TINYINT(3) NOT NULL DEFAULT 0 AFTER `auth_key`;
ALTER TABLE report_adnetwork_account ADD COLUMN `currency` VARCHAR(3) NOT NULL DEFAULT 'USD' AFTER `auth_type`;
ALTER TABLE report_adnetwork_account ADD COLUMN `reason` VARCHAR(2000) NULL DEFAULT NULL AFTER `status`;
UPDATE om_placement_rule_segment SET gender=0;
ALTER TABLE om_placement_rule_segment add `channel` varchar(100) DEFAULT NULL COMMENT '国内Android channel 定向, 换行分隔' after iap_max,add `channel_bow` tinyint(3) NOT NULL DEFAULT '1' COMMENT 'channel 定向方式, 0:黑名单,1:白名单' after channel,add `model_type` int(10) unsigned DEFAULT '0' COMMENT '设备类型定向,二进制,位置:{0:Phone,1:Pad,2:TV}' after channel_bow,modify `gender` tinyint(3) NOT NULL DEFAULT '0' COMMENT '性别定向二进制, 位置{0:男,1:女}';
ALTER TABLE om_placement add `inventory_interval_step` varchar(100) DEFAULT NULL COMMENT '自动补库存阈值间隔, 多行分隔, 单行格式: "{连续失败次数}:{间隔}"' after `inventory_interval`;
-- 20200526
UPDATE um_permission SET `api_path` = '/sdk/dev_app/get\n/sdk/adnetworks\n/sdk/adnetwork/placements\n/sdk/devices\n/sdk/dev_app/dev_result/update\n/sdk/device/create\n/sdk/dev_app/create\n/sdk/dev_app/operation\n/sdk/device/delete' WHERE (`id` = '2600');
ALTER TABLE om_adnetwork_app_change ADD COLUMN `new_report_account_id` INT(11) NOT NULL DEFAULT 0 AFTER `report_account_id`;

-- 20200529
INSERT INTO um_role_permission (`role_id`, `permission_id`) VALUES ('20', '1501');
INSERT INTO um_role_permission (`role_id`, `permission_id`) VALUES ('20', '1502');

-- 20200605
ALTER TABLE stat_lr ADD COLUMN scene_id INT(11) NOT NULL DEFAULT 0 AFTER `instance_id`;

-- 20200610
ALTER TABLE `report_adnetwork_linked`
ADD COLUMN `currency` VARCHAR(3) CHARACTER SET utf8mb4 BINARY NOT NULL DEFAULT 'USD' AFTER `abt`,
ADD COLUMN `exchange_rate` decimal(16,6) NOT NULL DEFAULT '0.000000' AFTER `currency`,
ADD COLUMN `cost_ori` decimal(16,4) NOT NULL DEFAULT '0.0000' AFTER `cost`,
ADD COLUMN `revenue_ori` decimal(16,4) NOT NULL DEFAULT '0.0000' COMMENT 'Revenue' AFTER `revenue`;
ALTER TABLE `stat_adnetwork`
ADD COLUMN `currency` VARCHAR(3) CHARACTER SET utf8mb4 BINARY NOT NULL DEFAULT 'USD' AFTER `abt`,
ADD COLUMN `exchange_rate` decimal(16,6) NOT NULL DEFAULT '0.000000' AFTER `currency`,
ADD COLUMN `cost_ori` decimal(16,4) NOT NULL DEFAULT '0.0000' AFTER `cost`,
ADD COLUMN `revenue_ori` decimal(16,4) NOT NULL DEFAULT '0.0000' COMMENT 'Revenue' AFTER `revenue`;
ALTER TABLE `report_adnetwork_task`
ADD COLUMN `auth_type` tinyint(3) NOT NULL DEFAULT '0' COMMENT '0:开发者账号授权拉取,1:adt账号联合登录授权方式,2:无需授权，开发者自有账号拉取' AFTER `credential_path`,
ADD COLUMN  `currency` varchar(3) NOT NULL DEFAULT 'USD' AFTER `auth_type`,
ADD COLUMN `time_dimension` tinyint(3) NOT NULL DEFAULT '1' COMMENT 'Time Dimensions，0:Hour，1:Day' AFTER `run_count`;

-- 20200611
UPDATE om_adnetwork SET bid_endpoint='http://hb.rayjump.com/bid' WHERE id=14;

-- 20200702
UPDATE um_permission SET title='Ad Network Accounts', name='accounts' WHERE id=31;
ALTER TABLE om_adnetwork_app_change DROP  PRIMARY  KEY;

-- 20200707
alter table om_placement_rule_segment
    add `age_min` int(11) NOT NULL DEFAULT '0' after `gender`,
    add `age_max` int(11) NOT NULL DEFAULT '0' after `age_min`;

ALTER TABLE `om_currency_exchange` CHANGE `id` `id` INT(11)  UNSIGNED  NOT NULL  AUTO_INCREMENT;
ALTER TABLE `om_currency_exchange_day` CHANGE `id` `id` INT(11)  UNSIGNED  NOT NULL  AUTO_INCREMENT;

alter table stat_lr
    add `bid_req` int(10) NOT NULL DEFAULT '0' COMMENT 'BidRequestCount',
    add `bid_resp` int(10) NOT NULL DEFAULT '0' COMMENT 'BidResponseCount',
    add `bid_resp_price` decimal(16,6) NOT NULL DEFAULT '0' COMMENT 'sum(BidResponsePrice)',
    add `bid_win` int(10) NOT NULL DEFAULT '0' COMMENT 'Bid Win Count',
    add `bid_win_price` decimal(16,6) NOT NULL DEFAULT '0' COMMENT 'sum(BidWinPrice)';

-- 20200713
INSERT INTO `om_currency_exchange` (`id`, `cur_from`, `cur_to`, `exchange_rate`, `create_time`, `lastmodify`) VALUES (92, X'555344', X'555344', 1.000000, '2020-07-07 14:39:17', '2020-07-07 14:39:17');

-- 20200720
alter table stat_lr
    add `bid` tinyint(3) NOT NULL DEFAULT '0' COMMENT 'isBidReleated, {0:NO,1:YES}';
    
-- 20200812 
UPDATE um_permission SET `api_path` = '/placement/get\n/placement/update\n/placement/scene/update\n/placement/create_update' WHERE (`id` = '1302');
UPDATE um_permission SET `api_path` = '/mediation/segment/save\n/mediation/segment/rule/delete\n/mediation/segment/resort/priority\n/mediation/rule/resort/priority\n/mediation/segment/update\n/mediation/segment/rule/update\n/mediation/segment/rule/instance/update\n/mediation/segment/rule/instance/create\n/mediation/segment/rule/instance/delete\n/mediation/segment/get\n/mediation/segment/rule/instance/delete\n/mediation/rule/resort/priority\n/mediation/segment/rule/delete\n/placement/get' WHERE (`id` = '1600');

CREATE TABLE `om_message_dict` (
  `id` int(11) unsigned NOT NULL AUTO_INCREMENT,
  `page` varchar(50) DEFAULT NULL,
  `msg_key` varchar(50) DEFAULT NULL,
  `value` text,
  `name` varchar(30) NOT NULL DEFAULT '',
  `status` tinyint(3) DEFAULT '1',
  `create_time` timestamp NOT NULL DEFAULT CURRENT_TIMESTAMP,
  `lastmodify` timestamp NOT NULL DEFAULT CURRENT_TIMESTAMP ON UPDATE CURRENT_TIMESTAMP,
  PRIMARY KEY (`id`),
  UNIQUE KEY `page_key` (`page`,`msg_key`)
) ENGINE=InnoDB AUTO_INCREMENT=192 DEFAULT CHARSET=utf8mb4;

INSERT INTO `om_message_dict` VALUES (1,'pubapp','id_empty','Please enter App Store or Google Play URL.','',1,'2020-06-04 06:18:02','2020-06-19 03:48:14'),(2,'pubapp','id_pattern','The App ID is incorrect, please check again.','',1,'2020-06-04 06:18:02','2020-06-19 03:49:14'),(3,'pubapp','name_empty','Please enter app name.','',1,'2020-06-04 06:18:02','2020-06-04 06:18:02'),(4,'pubapp','app_not_found','The app is not found in the store, please check the URL again.','',1,'2020-06-04 06:18:02','2020-06-19 03:50:17'),(5,'pubapp','coppa_not_allowed','It must be checked.','',1,'2020-06-04 06:18:02','2020-06-19 03:52:14'),(6,'pubapp','app_key_copied','Copied App Key value to the clipboard','',1,'2020-06-04 06:18:02','2020-06-04 06:18:02'),(7,'pubapp','ads_code_copied','Copied Code Snippet to the clipboard','',1,'2020-06-04 06:18:02','2020-06-04 06:18:02'),(8,'pubapp','status_update','Succeed','',1,'2020-06-04 06:18:02','2020-06-19 04:06:08'),(9,'pubapp','verify_success','Verified successfully.','',1,'2020-06-04 06:18:02','2020-06-19 03:52:48'),(10,'pubapp','alert_title','Congrats! Your App is created successfully.','',1,'2020-06-04 06:18:02','2020-06-04 06:18:02'),(11,'pubapp','alert_content','Next steps: Create a placement to display ads in your app.','',1,'2020-06-04 06:18:02','2020-06-18 08:57:12'),(12,'pubapp','alert_button','Create','',1,'2020-06-04 06:18:02','2020-06-18 08:56:11'),(13,'placement','update_success','Update successfully.','',1,'2020-06-04 06:18:02','2020-06-04 06:18:02'),(14,'placement','create_success','A NEW Placement has been created successfully.','',1,'2020-06-04 06:18:02','2020-06-19 04:01:16'),(15,'placement','scene_status','All changes have been saved.','',1,'2020-06-04 06:18:02','2020-06-19 03:55:23'),(16,'placement','name_empty','Please enter placement name.','',1,'2020-06-04 06:18:02','2020-06-04 06:18:02'),(17,'placement','alert_adn_title','Your Placement has been created successfully.','',1,'2020-06-04 06:18:02','2020-06-19 03:56:07'),(18,'placement','alert_adn_content','Next steps: Setup ad network settings for monetize','',1,'2020-06-04 06:18:02','2020-06-18 10:15:23'),(19,'placement','alert_adn_button','Setup','',1,'2020-06-04 06:18:02','2020-06-19 03:56:34'),(20,'placement','alert_instance_new_title','Your Ad Network is Ready.','',1,'2020-06-04 06:18:02','2020-06-18 10:57:52'),(21,'placement','alert_instance_new_content','Next steps：Setup an Instance to Monitize','',1,'2020-06-04 06:18:02','2020-06-04 06:18:02'),(22,'placement','alert_instance_new_button','Setup Instance','',1,'2020-06-04 06:18:02','2020-06-04 06:18:02'),(23,'placement','alert_waterfall_title','Everything is ready.','',1,'2020-06-04 06:18:02','2020-06-04 06:18:02'),(24,'placement','alert_waterfall_content','Next steps：Setup a Mediation Rule to Monitize','',1,'2020-06-04 06:18:02','2020-06-04 06:18:02'),(25,'placement','alert_waterfall_button','Setup Mediation Rule','',1,'2020-06-04 06:18:02','2020-06-04 06:18:02'),(26,'instance','update_success','All changes have been saved.','',1,'2020-06-04 06:18:02','2020-06-19 04:04:18'),(27,'instance','create_success','A NEW Instance has been created successfully.','',1,'2020-06-04 06:18:02','2020-06-19 04:01:05'),(28,'instance','adn_empty','Please select an Ad Network.','',1,'2020-06-04 06:18:02','2020-06-19 04:06:52'),(29,'instance','name_empty','Please enter the Instance name.','',1,'2020-06-04 06:18:02','2020-06-19 04:06:43'),(30,'instance','unit_id_empty','Please enter the Unit ID.','',1,'2020-06-04 06:18:02','2020-06-19 04:06:36'),(31,'instance','placement_key_exits','This Unit ID has already existed.','',1,'2020-06-04 06:18:02','2020-06-19 04:07:50'),(32,'scenes','name_empty','Please enter the Scene name.','',1,'2020-06-04 06:18:02','2020-06-19 04:08:00'),(33,'scenes','update_success','All changes have been saved.','',1,'2020-06-04 06:18:02','2020-06-19 04:04:28'),(34,'scenes','create_success','A NEW Scene has been created successfully.','',1,'2020-06-04 06:18:02','2020-06-19 04:00:56'),(35,'mediation','name_empty','Please enter the Mediation Rule Name.','',1,'2020-06-04 06:18:02','2020-06-19 04:08:08'),(36,'mediation','regions_empty','Regions can not be empty.','',1,'2020-06-04 06:18:02','2020-06-04 06:18:02'),(37,'mediation','optimized_type_empty','Please select the Optimized Type.','',1,'2020-06-04 06:18:02','2020-06-19 04:08:33'),(38,'mediation','channel_too_long','Data too long for Channel, Please control at 1000 characters','',1,'2020-06-04 06:18:02','2020-06-04 06:18:02'),(39,'mediation','update_success','All changes have been saved.','',1,'2020-06-04 06:18:02','2020-06-19 04:04:36'),(40,'mediation','create_success','A NEW Mediation Rule has been created successfully.','',1,'2020-06-04 06:18:02','2020-06-19 04:01:34'),(41,'mediation','remove_confirm','Are you sure?','',1,'2020-06-04 06:18:02','2020-06-19 04:09:28'),(42,'mediation','rule_instance_update','All changes have been saved.','',1,'2020-06-04 06:18:02','2020-06-19 04:09:44'),(43,'sdk','set_all','Please set all results','',1,'2020-06-04 06:18:02','2020-06-04 06:18:02'),(44,'sdk','select_one','Please select one Ad NetWork','',1,'2020-06-04 06:18:02','2020-06-04 06:18:02'),(45,'sdk','device_name_empty','Please enter the device name.','',1,'2020-06-04 06:18:02','2020-06-19 06:21:30'),(46,'sdk','id_empty','Please enter IDFA/GAID.','',1,'2020-06-04 06:18:02','2020-06-19 06:21:21'),(47,'abt','name_empty','Please enter the name.','',1,'2020-06-04 06:18:02','2020-06-19 06:21:16'),(48,'abt','name_pattern','The Name should less than 40 letters.','',1,'2020-06-04 06:18:02','2020-06-19 06:21:10'),(49,'abt','placement_empty','Please select the Placement.','',1,'2020-06-04 06:18:02','2020-06-19 06:21:06'),(50,'abt','setup_all_segments','Please set up the mediation rules for group B ','',1,'2020-06-04 06:18:02','2020-06-19 06:54:10'),(51,'abt','setup_app_unitid','Please fill all Unit IDs.','',1,'2020-06-04 06:18:02','2020-06-19 06:56:23'),(52,'abt','rule_empty','The mediation rule of group A can not be empty.','',1,'2020-06-04 06:18:02','2020-06-19 06:57:03'),(53,'appsettings','update_success','All changes have been saved.','',1,'2020-06-04 06:18:02','2020-06-19 04:05:02'),(54,'appsettings','create_success','Create successfully','',1,'2020-06-04 06:18:02','2020-06-04 06:18:02'),(55,'appsettings','copied_success','Copied to the clipboard','',1,'2020-06-04 06:18:02','2020-06-04 06:18:02'),(56,'appsettings','app_key','App Key can not be empty.','',1,'2020-06-04 06:18:02','2020-06-04 06:18:02'),(57,'appsettings','api_token','API Token can not be empty.','',1,'2020-06-04 06:18:02','2020-06-04 06:18:02'),(58,'appsettings','app_id','App ID can not be empty','',1,'2020-06-04 06:18:02','2020-06-04 06:18:02'),(59,'appsettings','system_user_access_token','System User Access Token can not be empty','',1,'2020-06-04 06:18:02','2020-06-04 06:18:02'),(60,'appsettings','game_id','Game ID can not be empty.','',1,'2020-06-04 06:18:02','2020-06-04 06:18:02'),(61,'appsettings','sdk_key','SDK Key can not be empty.','',1,'2020-06-04 06:18:02','2020-06-04 06:18:02'),(62,'appsettings','app_signature','App Signature can not be empty','',1,'2020-06-04 06:18:02','2020-06-04 06:18:02'),(63,'appsettings','adn_account','Please select an Ad Network Account.','',1,'2020-06-04 06:18:02','2020-06-19 06:58:13'),(64,'appsettings','plat_check','Platform mismatch.','',1,'2020-06-04 06:18:02','2020-06-19 06:58:31'),(65,'account','update_success','All changes have been saved.','',1,'2020-06-04 06:18:02','2020-06-19 04:05:10'),(66,'account','create_success','A NEW API Key has been created successfully.','',1,'2020-06-04 06:18:02','2020-06-19 04:02:02'),(67,'account','remove_success','The API Key has been removed.','',1,'2020-06-04 06:18:02','2020-06-19 06:58:55'),(68,'account','account_name','Account Name can not be empty.','',1,'2020-06-04 06:18:02','2020-06-04 06:18:02'),(69,'account','currency','Please select Currency. It should be as same as the setting in the Ad Network','',1,'2020-06-04 06:18:02','2020-06-19 07:00:05'),(70,'account','adn_empty','Ad Network can not be empty.','',1,'2020-06-04 06:18:02','2020-06-04 06:18:02'),(71,'account','app_key','App Key can not be empty.','',1,'2020-06-04 06:18:02','2020-06-04 06:18:02'),(72,'account','api_token','API Token can not be empty.','',1,'2020-06-04 06:18:02','2020-06-04 06:18:02'),(73,'account','client_id','Client ID can not be empty.','',1,'2020-06-04 06:18:02','2020-06-04 06:18:02'),(74,'account','client_secrect','Client Secrect can not be empty.','',1,'2020-06-04 06:18:02','2020-06-04 06:18:02'),(75,'account','refresh_token','Refresh Token can not be empty.','',1,'2020-06-04 06:18:02','2020-06-04 06:18:02'),(76,'account','reporting_api_key','Reporting API Key can not be empty.','',1,'2020-06-04 06:18:02','2020-06-04 06:18:02'),(77,'account','read_only_api_key','Read-Only API Key can not be empty.','',1,'2020-06-04 06:18:02','2020-06-04 06:18:02'),(78,'account','report_key','Report Key can not be empty.','',1,'2020-06-04 06:18:02','2020-06-04 06:18:02'),(79,'account','api_key','API Key can not be empty.','',1,'2020-06-04 06:18:02','2020-06-04 06:18:02'),(80,'account','inventory_report_id','Inventory Report ID can not be empty.','',1,'2020-06-04 06:18:02','2020-06-04 06:18:02'),(81,'account','publisher_reporting_api_key','Publisher Reporting API Key can not be empty.','',1,'2020-06-04 06:18:02','2020-06-04 06:18:02'),(82,'account','ad_reporting_api_key','Ad Reporting API Key can not be empty.','',1,'2020-06-04 06:18:02','2020-06-04 06:18:02'),(83,'account','user_id','User ID can not be empty.','',1,'2020-06-04 06:18:02','2020-06-04 06:18:02'),(84,'account','user_signature','User Signature can not be empty.','',1,'2020-06-04 06:18:02','2020-06-04 06:18:02'),(85,'account','report_api_skey','Report API SKey can not be empty.','',1,'2020-06-04 06:18:02','2020-06-04 06:18:02'),(86,'account','report_api_secret','Report API Secret can not be empty.','',1,'2020-06-04 06:18:02','2020-06-04 06:18:02'),(87,'account','user_name','User Name can not be empty.','',1,'2020-06-04 06:18:02','2020-06-04 06:18:02'),(88,'account','secret_key','Secret Key can not be empty.','',1,'2020-06-04 06:18:02','2020-06-04 06:18:02'),(89,'account','publisher_id','Publisher ID can not be empty.','',1,'2020-06-04 06:18:02','2020-06-04 06:18:02'),(90,'account','consumer_key','Consumer Key can not be empty.','',1,'2020-06-04 06:18:02','2020-06-04 06:18:02'),(91,'account','consumer_secret','Consumer Secret can not be empty.','',1,'2020-06-04 06:18:02','2020-06-04 06:18:02'),(92,'company','company_empty','Please enter Company Name.','',1,'2020-06-04 06:18:02','2020-06-04 08:03:51'),(93,'company','update_success_namechange','Updated! It will synchronize to Wire Transfer settings','',1,'2020-06-04 06:18:02','2020-06-19 07:01:33'),(94,'company','update_success','All changes have been saved.','',1,'2020-06-04 06:18:02','2020-06-19 04:05:24'),(95,'company','first_login','Please complete the company information first.','',1,'2020-06-04 06:18:02','2020-06-19 07:01:46'),(96,'company','company_name_change','It will synchronize to Wire Transfer settings','',1,'2020-06-04 06:18:02','2020-06-04 06:18:02'),(97,'company','country_empty','Base Country can not be empty.','',1,'2020-06-04 06:18:02','2020-06-19 07:02:14'),(98,'company','email_empty','Email can not be empty.','',1,'2020-06-04 06:18:02','2020-06-04 06:18:02'),(99,'company','email_pattern','Incorrect email address.','',1,'2020-06-04 06:18:02','2020-06-19 07:02:37'),(100,'company','address_empty','Address can not be empty.','',1,'2020-06-04 06:18:02','2020-06-04 06:18:02'),(101,'company','website_empty','Website can not be empty.','',1,'2020-06-04 06:18:02','2020-06-04 06:18:02'),(102,'company','website_pattern','Please input the full developer website URL in this field.','',1,'2020-06-04 06:18:02','2020-06-04 06:18:02'),(103,'company','phone_empty','Phone can not be empty.','',1,'2020-06-04 06:18:02','2020-06-04 06:18:02'),(104,'promote','company_empty','Company Name can not be empty','',1,'2020-06-04 06:18:02','2020-06-19 07:03:07'),(105,'promote','regions_empty','Country can not be empty.','',1,'2020-06-04 06:18:02','2020-06-04 06:18:02'),(106,'promote','email_empty','Email can not be empty.','',1,'2020-06-04 06:18:02','2020-06-04 06:18:02'),(107,'promote','email_pattern','Incorrect mailbox format.','',1,'2020-06-04 06:18:02','2020-06-04 06:18:02'),(108,'promote','save_success','All changes have been saved successfully.','',1,'2020-06-04 06:18:02','2020-06-19 07:03:59'),(109,'finance','update_success','Updated!','',1,'2020-06-04 06:18:02','2020-06-19 07:04:14'),(110,'finance','paypal_empty','Please fill in your Paypal account.','',1,'2020-06-04 06:18:02','2020-06-19 07:03:27'),(111,'finance','paypal_pattern','Incorrect email address.','',1,'2020-06-04 06:18:02','2020-06-19 07:04:59'),(112,'finance','store_url','Store Address can not be empty.','',1,'2020-06-04 06:18:02','2020-06-19 07:05:35'),(113,'finance','beneficiary_name','Beneficiary Name can not be empty.','',1,'2020-06-04 06:18:02','2020-06-04 06:18:02'),(114,'finance','bank_name','Bank Name can not be empty','',1,'2020-06-04 06:18:02','2020-06-04 06:18:02'),(115,'finance','account_no','Account No. can not be empty','',1,'2020-06-04 06:18:02','2020-06-04 06:18:02'),(116,'finance','bank_address','Bank Address can not be empty','',1,'2020-06-04 06:18:02','2020-06-04 06:18:02'),(117,'finance','swift_code','Bank Identifier Code, please consult with the beneficiary bank.','',1,'2020-06-04 06:18:02','2020-06-19 07:06:11'),(118,'finance','not_agree','Must Agree to the aboce contract terms.','',1,'2020-06-04 06:18:02','2020-06-04 06:18:02'),(119,'finance','country_empty','Country can not be empty','',1,'2020-06-04 06:18:02','2020-06-04 06:18:02'),(120,'finance','network_error','Something wrong with your connection, please try again later.','',1,'2020-06-04 06:18:02','2020-06-19 07:07:04'),(121,'promote','first_login','Please complete promote information first.','',1,'2020-06-04 06:18:02','2020-06-04 06:18:02'),(123,'appsettings','facebook_app_id_tip','You can find your App ID on your apps <a target=\"_blank\"; href=\"https://developers.facebook.com/apps\">settings page.</a>','',1,'2020-06-16 10:29:11','2020-06-16 10:39:40'),(124,'appsettings','facebook_system_user_access_token_tip','Please contact your Facebook account manager to receive your long term System User Access Token or refer to Facebook <a target=\"_blank\" href=\"https://developers.facebook.com/docs/audience-network/guides/reporting/system-user/\">documentation </a>.','',1,'2020-06-16 10:42:06','2020-06-16 10:42:06'),(125,'appsettings','unity_game_id_tip','From the <a target=\"_blank\" href=\"https://dashboard.unityads.unity3d.com/\">UnityAds dashboard</a>, choose your game. Your Game ID will be listed next to the platform.','',1,'2020-06-16 10:47:04','2020-06-16 10:47:04'),(126,'appsettings','vungle_app_id_tip','From the <a target=\"_blank\" href=\"https://dashboard.vungle.com/dashboard/accounts/details\">Vungle Details Dashboard</a>, select your application. On the next page, find the Vungle App ID in the Application Details column.','',1,'2020-06-16 10:48:27','2020-06-16 10:48:27'),(127,'appsettings','gdt_app_id_tip','From this <a target=\"_blank\" href=\"http://adnet.qq.com/medium/list\">Medium</a> page to get your App ID','',1,'2020-06-16 10:49:10','2020-06-16 10:49:10'),(128,'appsettings','admob_app_id_tip','From <a target=\"_blank\" href=\"https://apps.admob.com/?pli=1#account/settings:view\">the AdMob Monetize page</a>, select \"All Apps\" in the left sidebar, then choose your app. Click \"View setup instructions\" and copy the App ID displayed in the instructions. Make sure you use the same account as you do for the \"Grant Access\" button above otherwise the access will not be granted.','',1,'2020-06-16 10:56:31','2020-06-16 10:56:31'),(129,'appsettings','adcolony_app_id_tip','Your API key will be labeled as \"Read-Only API Key\" on <a target=\"_blank\" href=\"https://clients.adcolony.com/users/edit\">this page</a>','',1,'2020-06-16 10:59:08','2020-06-16 10:59:08'),(130,'appsettings','applovin_sdk_key_tip','From your <a target=\"_blank\" href=\"https://applovin.com/users/edit\">Account page</a>, choose \"Keys\" in the left sidebar, then select the SDK Key.','',1,'2020-06-16 10:59:47','2020-06-16 10:59:47'),(131,'appsettings','tapjoy_sdk_key_tip','This is available on the App Info tab under Settings -> App Settings on the Tapjoy Monetization Dashboard.','',1,'2020-06-16 11:00:53','2020-06-16 11:00:53'),(132,'appsettings','chartboost_app_id_tip','You can find your games App ID on its App Settings page on the <a target=\"_blank\" href=\"https://dashboard.chartboost.com/\">Chartboost dashboard</a>. See <a target=\"_blank\" href=\"https://answers.chartboost.com/hc/en-us/articles/201465075\">this Chartboost documentation for a screenshot.</a>','',1,'2020-06-16 11:01:30','2020-06-16 11:01:30'),(133,'appsettings','chartboost_app_signature_tip','You can find your games App ID on its App Settings page on the <a target=\"_blank\" href=\"https://dashboard.chartboost.com/\">Chartboost dashboard</a>. See <a target=\"_blank\" href=\"https://answers.chartboost.com/hc/en-us/articles/201465075\">this Chartboost documentation for a screenshot.</a>','',1,'2020-06-16 11:01:55','2020-06-16 11:01:55'),(134,'appsettings','ironsource_app_key_tip','From this <a target=\"_blank\" href=\"https://platform.ironsrc.com/partners/applications\">App Management</a> page to get your App Key','',1,'2020-06-16 11:02:49','2020-06-16 11:02:49'),(135,'account','admob_api_key_tip','From <a target=\"_blank\" href=\"https://apps.admob.com/?pli=1#account/settings:view\">the AdMob Monetize page</a>, select \"All Apps\" in the left sidebar, then choose your app. Click \"View setup instructions\" and copy the App ID displayed in the instructions. Make sure you use the same account as you do for the \"Grant Access\" button above otherwise the access will not be granted.','',1,'2020-06-16 12:11:47','2020-06-16 12:12:04'),(136,'account','admob_client_id_tip','From <a target=\"_blank\" href=\"https://console.developers.google.com/\">the Google Api Credentials page</a>,OAuth 2.0 Client IDs','',1,'2020-06-16 12:15:11','2020-06-16 12:15:11'),(137,'account','admob_client_secrect_tip','From <a target=\"_blank\" href=\"https://console.developers.google.com/\">the Google Api Credentials page</a>,Download OAuth 2.0 Client json file and copy this file content to here','',1,'2020-06-16 12:15:39','2020-06-16 12:15:39'),(138,'account','admob_refresh_token_tip','From <a target=\"_blank\" href=\"https://apps.admob.com/?pli=1#account/settings:view\">the AdMob Monetize page</a>,Click the user avatar to get publisher id,Publisher ID like pub-xxxxxxxxxx','',1,'2020-06-16 12:16:05','2020-06-16 12:16:05'),(139,'account','admob_user_id_tip','From <a target=\"_blank\" href=\"https://apps.admob.com/?pli=1#account/settings:view\">the AdMob Monetize page</a>,Click the user avatar to get publisher id,Publisher ID like pub-xxxxxxxxxx','',1,'2020-06-16 12:16:43','2020-06-16 12:16:43'),(142,'account','admob_client_json_tip','From <a target=\"_blank\" href=\"https://console.developers.google.com/\">the Google Api Credentials page</a>,Download OAuth 2.0 Client json file and copy this file content to here','',1,'2020-06-16 12:20:06','2020-06-16 12:20:06'),(143,'account','admob_auth_url_tip','From <a target=\"_blank\" href=\"https://apps.admob.com/?pli=1#account/settings:view\">the Client ID for Web application page</a>, Copy this url to Authorized redirect URIs Users will be redirected to this path after they have authenticated with Google.','',1,'2020-06-16 12:20:34','2020-06-16 12:20:34'),(144,'account','unity_api_key_tip','Your API key is found on the API keys tab of the <a target=\"_blank\" href=\"https://dashboard.unityads.unity3d.com/\">UnityAds dashboard</a>.','',1,'2020-06-16 12:21:39','2020-06-16 12:21:39'),(145,'account','vungle_reporting_api_key_tip','From the <a target=\"_blank\" href=\"https://dashboard.vungle.com/dashboard/accounts/details\">Vungle Details Dashboard</a>, select your application. On the next page, find the Reporting API Key in the Application Details column.','',1,'2020-06-16 12:22:25','2020-06-16 12:22:25'),(146,'account','adcolony_read_only_api_key_tip','To get User Credentials on <a target=\"_blank\" href=\"https://clients.adcolony.com/users/edit\">this page</a>','',1,'2020-06-16 12:23:06','2020-06-16 12:23:06'),(147,'account','applovin_report_key_tip','From your <a target=\"_blank\" href=\"https://applovin.com/users/edit\">Account page</a>, choose \"Keys\" in the left sidebar, then select the Report Key. If you do not see the Report Key field, email support@applovin.com and request your reporting key.','',1,'2020-06-16 12:23:42','2020-06-16 12:23:42'),(148,'account','mopub_api_key_tip','From the <a target=\"_blank\" href=\"https://app.mopub.com/reports/custom/\">Reports page</a>, check \"Enable data access through API\". Then click the \"View API Access Details\" link to reveal your API Key.','',1,'2020-06-16 12:24:16','2020-06-16 12:24:16'),(149,'account','mopub_inventory_report_id_tip','From the <a target=\"_blank\" href=\"https://app.mopub.com/reports/custom/\">Reports page</a>, click the \"View API Access Details\" link to reveal your Inventory Report ID.','',1,'2020-06-16 12:24:47','2020-06-16 12:25:35'),(150,'account','tapjoy_publisher_reporting_api_key_tip','This is available on the App Info tab under Settings -> App Settings on the Tapjoy Monetization Dashboard.','',1,'2020-06-16 12:25:57','2020-06-16 12:25:57'),(151,'account','tapjoy_ad_reporting_api_key_tip','This is available on the App Info tab under Settings -> App Settings on the Tapjoy Monetization Dashboard.','',1,'2020-06-16 12:26:52','2020-06-16 12:26:52'),(152,'account','chartboost_user_id_tip','From the <a target=\"_blank\" href=\"https://dashboard.chartboost.com/tools/api\">API Explorer Page</a>, select the User ID','',1,'2020-06-16 12:27:25','2020-06-16 12:27:25'),(153,'account','chartboost_user_signature_tip','From the <a target=\"_blank\" href=\"https://dashboard.chartboost.com/tools/api\">API Explorer Page</a>, select the User Signature.','',1,'2020-06-16 12:27:51','2020-06-16 12:27:51'),(154,'account','ironsource_user_name_tip','From <a target=\"_blank\" href=\"https://platform.ironsrc.com/partners/account/generalInfo\">ironSource My Account</a> page,selected User Info Tab to get your User Name','',1,'2020-06-16 12:28:40','2020-06-16 12:28:40'),(155,'account','ironsource_secret_key_tip','From <a target=\"_blank\" href=\"https://platform.ironsrc.com/partners/account/apiDetails\">ironSource My Account</a> page,selected API Tab to get your Secret Key','',1,'2020-06-16 12:29:03','2020-06-16 12:29:03'),(156,'mediation','already_existed_hb','Every ad network has ONE bidding id only.','',1,'2020-06-18 06:20:04','2020-06-18 06:20:04'),(157,'pubapp','app_id_tip','','App ID商店查询表单提示，为空不显示',1,'2020-06-18 09:43:09','2020-06-18 09:44:18'),(158,'pubapp','app_name_tip','','',1,'2020-06-18 10:06:34','2020-06-18 10:06:34'),(159,'pubapp','platform_tip','','',1,'2020-06-18 10:06:53','2020-06-18 10:06:53'),(160,'placement','name_tip','','',1,'2020-06-18 10:18:35','2020-06-18 10:18:35'),(161,'placement','callback_url_tip','','',1,'2020-06-19 03:06:37','2020-06-19 03:06:37'),(162,'placement','frequency_tip','','',1,'2020-06-19 03:07:09','2020-06-19 03:07:09'),(163,'placement','pacing_tip','','',1,'2020-06-19 03:07:35','2020-06-19 03:07:35'),(164,'account','admob_publisher_id','Publisher ID can not be empty.','',1,'2020-06-04 06:18:02','2020-06-04 06:18:02'),(165,'account','unity_org_id_tip','','',1,'2020-06-04 06:18:02','2020-06-04 06:18:02'),(170,'account','pangle_user_id_tip','','',1,'2020-06-04 06:18:02','2020-06-04 06:18:02'),(171,'account','pangle_secret_key_tip','','',1,'2020-06-04 06:18:02','2020-06-04 06:18:02'),(172,'appsettings','pangle_app_id_tip','','',1,'2020-06-04 06:18:02','2020-06-04 06:18:02'),(173,'appsettings','mintegral_app_id_tip','','',1,'2020-06-04 06:18:02','2020-06-04 06:18:02'),(174,'appsettings','mintegral_app_key_tip','','',1,'2020-06-04 06:18:02','2020-06-04 06:18:02'),(175,'account','mintegral_report_api_skey_tip','','',1,'2020-06-04 06:18:02','2020-06-04 06:18:02'),(176,'account','mintegral_report_api_secret_tip','','',1,'2020-06-04 06:18:02','2020-06-04 06:18:02'),(177,'appsettings','dev_key_tip','','',1,'2020-06-04 06:18:02','2020-06-19 04:05:02'),(178,'mediation','rule_name_tip','Mediation Rule Name111','',1,'2020-07-14 08:45:24','2020-07-17 10:15:41'),(179,'mediation','optimized_type_tip','Optimized Type','',1,'2020-07-14 08:56:53','2020-07-14 08:56:53'),(180,'mediation','regions_tip','Regions','',1,'2020-07-14 08:59:24','2020-07-14 08:59:24'),(181,'mediation','frequency_tip','Frequency','',1,'2020-07-14 09:05:34','2020-07-14 09:05:34'),(182,'mediation','gender_tip','Gender','',1,'2020-07-14 09:08:12','2020-07-14 09:08:12'),(183,'mediation','iap_tip','','',1,'2020-07-14 09:15:16','2020-07-15 09:16:38'),(184,'mediation','age_tip','','',1,'2020-07-14 09:27:05','2020-07-15 09:16:33'),(185,'mediation','contype_tip','','',1,'2020-07-14 09:30:23','2020-07-14 10:20:27'),(186,'mediation','model_type_tip','','',1,'2020-07-14 09:30:38','2020-07-14 10:20:23'),(187,'mediation','brand_tip','','',1,'2020-07-14 09:31:00','2020-07-14 10:20:19'),(188,'mediation','model_tip','','',1,'2020-07-14 09:31:45','2020-07-14 10:20:15'),(189,'abtest','name_tip','name','',1,'2020-07-14 09:49:06','2020-07-14 09:49:06'),(190,'abtest','placement_tip','Placement','',1,'2020-07-14 09:50:24','2020-07-14 09:50:24'),(191,'abtest','traffic_tip','Traffic Variation','',1,'2020-07-14 10:13:55','2020-07-14 10:13:55');

CREATE TABLE `report_adnetwork_account_publisher` (
  `publisher_id` int(11) NOT NULL DEFAULT '0' COMMENT 'publisher ID',
  `report_account_id` int(11) NOT NULL DEFAULT '0' COMMENT 'AdNetwork账号ID',
  `create_time` timestamp NOT NULL DEFAULT CURRENT_TIMESTAMP,
  PRIMARY KEY (`publisher_id`,`report_account_id`)
) ENGINE=InnoDB DEFAULT CHARSET=utf8 COMMENT='adnetwork账号和publisher关系表';

insert into report_adnetwork_account_publisher (SELECT
    distinct account.publisher_id, account.id, now()
FROM
    om_adnetwork_app AS app
        LEFT JOIN
    report_adnetwork_account AS account ON app.report_account_id = account.id
WHERE
    account.publisher_id > 0);
